buy,1,lot,eurusd,at,price,1.1800
i,want,to,buy,1,lot,eurusd
i,want,to,buy,1,lot,eurusd
i,want,to,buy,1,lot,eurusd
i,want,to,buy,1,lot,eurusd
i,want,to,buy,1,lot,eurusd
i,want,to,buy,1,lot,eurusd
i,want,to,buy,1,lot,eurusd
i,want,to,buy,1,lot,eurusd
i,want,to,buy,1,lot,eurusd
i,want,to,buy,1,lot,eurusd
i,want,to,buy,1,lot,eurusd
i,want,to,buy,1,lot,eurusd
i,want,to,buy,1,lot,eurusd
i,want,to,buy,1,lot,eurusd
i,want,to,buy,1,lot,eurusd
i,want,to,buy,1,lot,eurusd
i,want,to,buy,1,lot,eurusd
i,want,to,buy,1,lot,eurusd
i,want,to,but,1,lot,eurusd
